fecha,cetes_12m,cetes_1m,cetes_3m,cetes_6m,exchange_rate_usd,exportaciones_no_petroleras,imss,inpc,official_interest_rate_usa,pib,s&p500,sovereign_10y,sovereign_3y,sovereign_5y,stock_market,tasa_desempleo,tasa_fondeo_1d,treasury_10y,treasury_1m,treasury_1y,treasury_3m,treasury_3y,treasury_5y,treasury_6m,vix,vix_bmv
2007-01-01,6.00,5.27,7.62,9.54,16.63,65523.20,14920438.20,57.49,1.39,17483748.61,2204.82,6.85,7.33,9.71,40168.69,4.39,9.11,4.60,4.51,1.37,3.80,1.08,6.24,1.70,7.66,21.93
2007-02-01,6.00,5.27,7.62,9.54,16.63,65523.20,14920438.20,57.49,1.39,17483748.61,2204.82,6.85,7.33,9.71,40168.69,4.39,9.82,4.60,4.62,1.37,3.80,1.08,6.24,1.70,7.66,20.46
2007-03-01,7.48,5.27,7.62,9.54,16.63,65523.20,14920438.20,57.49,1.39,17483748.61,2204.82,6.85,7.68,9.71,40168.69,4.39,8.72,4.60,4.69,1.37,4.81,1.08,6.24,1.70,12.21,22.32
2007-04-01,8.11,5.27,7.62,9.54,16.63,65523.20,14920438.20,57.49,1.39,17483748.61,2204.82,6.85,7.59,9.71,31619.54,3.87,7.76,4.60,5.16,1.37,4.92,1.08,6.24,1.70,14.62,22.72
2007-05-01,8.23,5.27,7.62,9.54,16.63,65523.20,14920438.20,57.49,1.39,17483748.61,2204.82,6.85,8.30,9.71,32720.49,3.93,8.05,4.60,5.08,1.37,4.89,1.08,6.24,1.70,14.86,22.42
2007-06-01,7.87,5.27,7.62,9.54,16.63,65523.20,14920438.20,57.49,1.39,17483748.61,2204.82,6.85,8.30,9.71,29957.92,3.69,8.13,4.60,4.99,1.37,4.63,1.08,6.24,1.70,15.21,22.56
2007-07-01,7.68,5.27,7.62,9.54,16.63,65523.20,14920438.20,57.49,1.39,17483748.61,2204.82,6.85,7.95,9.71,30373.02,3.76,7.89,4.60,4.78,1.37,4.59,1.08,5.45,1.70,16.03,22.27
2007-08-01,7.48,5.27,7.62,9.54,16.63,65523.20,14920438.20,57.49,1.39,17483748.61,2204.82,6.85,7.93,9.71,30068.66,3.72,7.69,4.60,4.49,1.37,4.16,1.08,5.39,1.70,15.95,22.43
2007-09-01,7.64,6.70,7.62,7.70,16.63,65523.20,14920438.20,57.49,1.39,17483748.61,2204.82,6.85,7.76,9.71,29599.41,3.72,7.33,4.60,4.27,1.37,4.15,1.08,4.50,1.70,17.00,21.64
2007-10-01,8.07,7.71,7.62,6.70,16.63,65523.20,14920438.20,57.49,1.39,18881331.48,2204.82,6.85,7.76,8.37,29816.84,3.77,6.86,4.60,3.98,1.37,4.32,1.08,4.75,1.70,19.72,21.64
2007-11-01,7.99,6.54,7.62,5.94,16.63,65523.20,14920438.20,57.49,1.39,19697733.03,1483.76,6.85,7.57,8.63,28652.77,3.57,7.03,4.60,3.80,1.37,3.74,1.08,4.38,1.70,19.44,21.37
2007-12-01,7.95,6.42,7.62,6.48,16.63,65523.20,14920438.20,57.49,1.39,19911709.70,1682.53,6.85,7.94,8.46,29080.21,3.55,7.23,4.60,3.10,1.37,3.43,1.08,4.63,1.70,21.43,20.99
2008-01-01,7.70,6.74,7.62,6.27,16.63,65523.20,13826309.50,57.49,1.39,19971130.15,1431.58,6.85,7.48,8.38,28024.30,3.53,6.92,4.60,2.91,1.37,3.05,1.08,4.72,1.70,22.25,21.09
2008-02-01,7.87,6.79,7.62,5.81,16.63,65523.20,13866977.98,57.49,1.39,19710071.36,1400.87,6.85,7.53,7.99,28183.12,3.77,6.91,4.60,2.61,1.37,2.70,0.99,4.12,1.70,25.19,20.46
2008-03-01,7.74,6.95,7.62,6.13,16.63,65523.20,14078620.08,60.83,1.39,19862385.31,1481.48,6.85,7.69,7.91,28306.86,3.70,6.75,4.60,2.55,1.37,2.16,1.39,3.99,1.70,25.84,21.15
2008-04-01,7.76,7.10,7.62,6.55,16.63,65523.20,14160539.64,59.52,1.39,19788856.53,1333.05,6.85,7.55,7.77,27871.70,3.75,6.83,4.60,2.38,1.37,2.09,2.15,3.56,1.70,28.17,21.26
2008-05-01,7.72,7.05,8.41,6.78,16.63,65523.20,13706275.13,67.65,1.39,19739709.59,1344.47,6.85,7.79,7.59,28509.54,3.72,6.68,4.60,2.14,1.37,1.83,2.17,3.58,1.70,29.57,21.93
2008-06-01,7.39,6.77,7.34,7.39,16.63,65523.20,13662812.06,66.56,1.39,19972198.14,1339.39,6.85,7.98,7.77,28991.77,3.81,6.80,4.60,1.99,1.37,1.64,2.21,3.10,1.70,29.57,22.12
2008-07-01,7.43,7.60,7.37,7.94,16.63,69901.58,14077401.63,71.14,1.39,20008997.35,1447.03,6.85,8.33,7.33,29310.10,3.79,6.42,4.05,1.72,2.36,1.51,2.07,3.15,1.70,32.03,22.14
2008-08-01,7.25,7.85,7.43,7.84,16.63,65617.56,13873715.35,72.34,1.39,19949915.87,1281.55,6.85,7.66,7.26,29591.40,3.88,6.78,3.67,1.90,2.63,1.48,2.26,2.71,1.70,33.31,22.82
2008-09-01,7.72,7.79,7.31,8.44,16.63,65153.58,14049976.32,72.67,1.39,19949126.53,1492.47,6.85,7.63,7.31,30972.56,3.77,6.71,3.66,1.80,2.69,1.52,2.53,2.15,1.70,34.87,23.05
2008-10-01,7.60,7.72,7.16,9.01,16.63,62991.21,14051206.91,74.69,1.39,20317269.97,1550.16,6.85,7.70,7.47,31959.86,3.48,6.32,3.18,1.96,2.52,1.87,2.77,2.29,1.70,34.28,24.13
2008-11-01,7.48,7.48,7.04,9.06,16.63,62249.16,14306186.81,75.96,1.39,20206880.96,1304.19,6.85,7.58,7.55,31107.31,3.61,6.61,2.94,1.70,1.90,2.15,2.64,2.03,1.70,35.07,23.28
2008-12-01,7.49,7.42,6.95,8.52,16.63,59573.81,14529172.32,73.94,1.39,20395892.00,1483.45,6.85,7.75,7.67,31966.17,3.69,7.06,2.89,1.27,1.76,2.30,2.19,1.79,1.70,37.12,22.66
2009-01-01,7.08,7.34,6.28,8.32,16.63,53700.46,15030224.49,70.58,1.39,20608253.97,1409.80,6.85,7.41,7.59,32571.09,3.82,7.56,2.85,1.28,1.64,2.31,1.90,1.68,1.70,37.04,22.36
2009-02-01,7.17,7.09,6.60,8.27,16.63,51675.78,14906774.61,73.06,1.15,20479762.85,1312.21,6.85,7.32,7.42,31963.03,3.79,7.17,2.58,1.31,1.51,1.87,1.76,1.89,1.70,39.15,22.62
2009-03-01,6.87,6.70,6.37,8.06,16.63,51673.25,14617190.29,69.93,1.45,20206294.67,1354.61,7.19,7.14,7.50,32625.20,4.32,7.23,2.35,1.40,1.26,1.89,1.62,1.71,1.70,38.93,22.36
2009-04-01,6.64,6.87,6.20,7.68,16.63,52887.49,14831632.34,66.17,1.24,20088833.78,1364.28,7.63,7.41,7.36,32816.97,4.42,6.85,2.28,1.27,0.93,1.89,1.19,1.38,1.70,38.78,21.70
2009-05-01,6.07,6.75,6.18,7.31,16.63,53383.21,14670004.17,65.48,1.20,19662388.92,1073.17,7.62,7.51,7.29,32027.84,4.74,7.34,2.24,1.04,0.58,1.42,0.89,1.62,1.70,39.59,21.66
2009-06-01,6.06,6.52,6.04,6.82,16.63,55633.99,14493681.34,68.20,0.90,19378851.91,1143.80,7.57,7.36,7.30,31832.11,5.05,7.28,2.52,0.95,0.31,0.94,0.64,1.43,1.70,39.26,21.37
2009-07-01,6.10,6.62,5.97,6.37,16.63,55138.13,14512414.87,70.01,0.91,19082571.39,1410.84,7.61,7.08,7.19,33378.08,5.22,6.91,2.70,0.82,0.45,0.52,0.59,1.49,1.98,38.84,21.18
2009-08-01,6.12,6.35,5.45,5.89,16.63,56777.06,14165006.37,73.66,0.76,18731863.90,1319.28,7.42,6.70,7.09,33751.94,5.37,6.58,2.89,1.17,0.53,0.34,0.71,1.74,2.03,36.05,21.25
2009-09-01,6.34,5.59,5.79,6.02,16.63,60717.20,14325851.43,76.13,0.55,18616766.01,1442.01,7.52,6.85,7.00,32947.37,5.52,6.17,3.03,1.03,0.40,0.04,0.90,2.07,1.28,35.09,21.87
2009-10-01,6.01,5.25,5.70,5.61,16.63,60703.46,14741824.01,74.12,0.61,18183337.82,1385.21,7.68,6.73,7.14,33352.53,5.80,6.41,3.08,0.94,0.35,0.15,0.88,1.85,0.72,34.18,21.59
2009-11-01,5.72,4.60,5.36,5.42,16.63,59455.60,14759328.94,71.29,0.52,18591894.42,1297.30,7.68,6.35,7.23,30985.44,5.74,6.18,3.25,0.99,0.18,0.09,1.05,1.77,0.77,34.06,21.29
2009-12-01,5.52,3.93,5.15,5.66,16.63,60520.29,14750778.73,72.37,0.73,18905096.84,1328.09,7.71,6.06,7.18,32223.47,5.84,5.94,3.24,0.88,0.20,-0.42,1.10,1.96,0.84,31.22,21.65
2010-01-01,5.54,3.63,4.74,5.75,16.63,59027.30,14626690.32,75.53,0.88,19645221.59,1441.07,7.62,5.73,7.13,32750.12,5.65,5.50,3.21,0.86,0.29,-0.42,1.19,1.71,0.85,29.48,21.01
2010-02-01,5.32,3.98,4.68,6.04,16.63,56480.04,14888302.22,72.11,1.13,19501460.96,1331.94,7.81,5.16,7.03,32080.90,5.66,5.44,3.25,0.35,0.00,-0.39,1.29,1.82,0.27,28.77,20.53
2010-03-01,5.40,3.75,4.71,5.99,16.63,57181.21,14869335.34,69.58,0.78,19807083.48,1108.50,7.82,5.08,6.95,30900.04,5.81,5.67,3.29,0.39,0.18,-0.36,1.21,2.04,-0.15,26.72,21.10
2010-04-01,5.47,3.79,5.14,5.65,12.55,58947.20,15128220.88,69.34,1.12,19799464.28,1080.50,7.97,4.95,7.07,30881.21,5.72,5.32,3.27,0.52,0.20,-0.51,1.29,2.24,-0.39,26.33,21.11
2010-05-01,5.26,4.41,5.10,5.07,12.02,58378.53,14877167.56,71.29,1.33,19926662.20,1015.01,7.91,4.70,6.96,30884.64,5.76,5.00,3.15,0.57,0.14,-0.32,1.18,2.30,-0.15,26.78,21.10
2010-06-01,5.12,4.16,5.04,4.84,12.55,55625.59,15086042.60,75.14,1.07,20049068.96,1193.47,7.84,4.50,6.72,31887.43,5.67,4.75,3.27,0.47,0.07,-0.30,1.22,2.40,0.22,24.91,21.07
2010-07-01,5.41,4.61,5.22,4.67,12.19,54516.02,15016766.00,82.52,1.05,19962807.59,1063.17,7.99,4.62,6.44,34398.57,5.53,5.08,3.21,0.34,0.05,0.00,1.32,2.58,0.14,24.20,21.75
2010-08-01,5.47,4.84,5.01,4.38,12.69,50788.04,14844911.61,84.12,0.63,19700263.76,1111.17,7.74,4.60,6.39,34346.90,5.40,5.23,3.41,0.26,-0.10,0.19,1.52,2.53,0.07,24.84,21.40
2010-09-01,5.47,4.50,5.15,4.01,13.34,50981.35,15228519.24,82.01,0.48,19591328.61,1190.05,7.75,4.57,6.21,32973.76,5.35,4.96,3.36,0.40,-0.14,0.32,1.48,2.74,0.00,23.96,22.00
2010-10-01,5.61,4.37,5.25,3.98,13.68,52440.20,15400340.98,79.93,0.14,19996288.00,985.12,7.71,4.80,5.92,34429.83,5.40,4.61,3.26,0.41,-0.01,0.39,1.38,2.77,0.52,23.94,22.32
2010-11-01,5.34,4.34,4.87,3.93,12.39,52347.09,14788272.94,83.28,0.28,20478547.80,1135.85,7.59,4.71,5.82,35150.31,5.10,4.03,3.27,0.50,-0.29,0.42,1.61,2.66,0.75,26.37,22.03
2010-12-01,5.27,4.27,4.96,4.39,12.99,54770.93,14755400.15,81.89,0.10,20495889.56,1250.71,7.69,5.02,5.55,35023.87,5.12,3.64,3.08,0.53,-0.28,0.41,1.51,2.36,0.76,24.38,21.57
2011-01-01,5.38,4.19,4.91,4.67,13.66,58950.32,14945541.81,79.01,0.13,20923789.79,1296.28,7.84,5.22,5.48,35836.12,4.92,3.73,3.07,0.68,-0.27,0.23,1.49,2.12,0.61,22.63,21.44
2011-02-01,5.41,5.10,4.61,4.20,12.97,64701.14,14576793.52,74.22,0.29,21368469.02,1151.83,7.77,5.04,5.51,34800.05,4.77,3.65,3.02,0.45,0.00,0.35,1.34,1.86,0.47,24.05,21.64
2011-03-01,5.30,5.04,4.49,4.10,13.56,67638.56,14901699.41,69.28,0.14,20987482.04,1316.05,7.68,4.86,5.65,34889.42,4.74,3.16,2.97,0.20,0.10,0.18,0.91,1.90,0.54,23.18,21.38
2011-04-01,5.34,4.89,4.55,4.09,13.59,68420.02,15219980.82,68.24,-0.03,21300919.03,1313.30,7.62,5.10,5.83,35379.05,4.82,3.21,2.67,0.21,-0.03,0.34,0.77,2.13,0.52,22.54,21.35
2011-05-01,5.19,5.08,4.56,3.73,12.58,72094.15,15690112.56,66.79,-0.15,21204268.53,1133.00,7.72,5.12,5.62,37755.77,4.91,2.96,2.82,0.16,0.03,0.68,0.70,1.89,0.58,23.07,21.01
2011-06-01,5.14,4.62,4.38,3.73,12.58,72856.14,15415478.24,68.78,0.13,21090564.64,1339.69,7.57,5.16,5.79,38232.63,4.94,3.05,2.67,0.15,0.25,0.74,0.82,1.73,0.70,24.64,21.40
2011-07-01,5.49,4.70,4.75,4.13,13.58,75694.23,16003210.50,65.27,0.21,20538003.10,1280.72,7.61,5.35,5.75,40223.84,4.95,3.41,2.51,-0.08,0.33,0.65,0.70,1.46,0.69,24.19,21.14
2011-08-01,5.21,4.59,4.36,4.30,13.88,71330.99,15775895.91,69.13,0.09,20734042.94,1140.07,7.36,5.41,5.58,41819.75,4.79,3.90,2.58,-0.52,0.17,0.86,0.73,1.57,0.55,28.72,21.99
2011-09-01,5.23,4.46,4.27,4.21,13.11,68238.67,15311408.13,66.91,-0.10,20937917.11,1304.50,6.91,5.24,5.66,42248.13,4.86,4.39,2.46,-0.77,0.34,1.03,0.68,1.37,0.77,31.73,21.70
2011-10-01,5.43,3.85,4.29,5.11,13.81,69879.89,14987627.16,69.54,-0.20,20771993.45,1409.58,6.91,5.39,5.78,42893.14,4.88,4.57,2.21,-0.70,0.27,0.87,0.86,1.74,0.49,31.70,21.58
2011-11-01,5.37,3.91,4.46,5.37,12.86,70014.51,14918430.61,73.09,-0.14,21165211.48,1260.26,6.52,5.52,5.71,43852.15,4.87,5.15,2.20,-0.40,0.36,0.73,1.00,1.74,0.18,33.83,21.31
2011-12-01,5.31,3.92,4.55,5.30,11.70,71101.75,14873797.26,73.94,0.14,20878088.40,1260.54,6.51,5.21,5.57,44232.93,4.95,4.69,2.12,-0.46,0.63,0.68,1.04,1.72,0.19,35.46,21.13
2012-01-01,5.09,4.23,4.67,5.44,12.33,67953.62,14373781.91,74.01,0.39,20723959.58,1528.60,6.43,5.15,5.67,43084.58,5.01,5.34,1.87,-0.51,0.37,0.43,0.85,1.71,0.22,36.03,21.44
2012-02-01,4.68,4.29,4.85,5.18,12.49,70919.67,14215325.37,74.87,-0.03,21035578.86,1369.22,6.33,5.19,5.54,44109.78,4.89,5.21,1.90,-0.33,0.32,0.15,0.72,2.04,-0.29,35.81,21.25
2012-03-01,4.47,4.05,4.77,4.65,12.52,67818.11,13951304.09,78.35,-0.06,20994813.21,1411.00,6.39,5.23,5.29,42920.25,4.84,5.07,1.85,-0.20,0.74,0.21,0.42,2.28,-0.42,35.06,21.85
2012-04-01,4.34,4.01,4.96,4.35,12.24,73721.57,14226027.16,77.51,-0.19,21113339.07,1496.23,6.47,4.79,5.30,41830.86,5.02,4.96,1.59,-0.07,0.79,0.19,0.21,2.20,-0.41,32.57,21.65
2012-05-01,4.13,3.89,4.70,4.43,12.57,75530.85,14794672.95,78.90,-0.13,20786428.95,1176.45,6.46,5.02,5.00,40822.30,5.03,4.21,1.77,0.14,1.02,-0.09,0.31,2.17,-0.68,30.66,21.53
2012-06-01,3.89,4.06,4.77,4.01,12.11,75671.52,15280495.67,79.70,-0.07,20867854.50,1125.71,6.25,5.10,4.90,41184.93,4.99,3.88,1.86,0.33,1.10,-0.31,0.10,1.96,-0.23,28.81,21.79
2012-07-01,3.57,4.12,4.95,4.07,12.72,74749.81,15277565.39,75.76,0.17,20743446.24,1356.98,6.33,5.02,4.86,40522.21,4.81,3.32,1.94,0.13,0.98,-0.15,0.01,1.83,0.11,27.07,22.55
2012-08-01,3.61,3.83,5.05,4.45,13.82,78166.25,15216269.75,78.24,0.51,21031496.03,1488.16,6.06,5.06,4.74,41125.11,4.81,3.47,2.05,0.14,0.96,-0.21,0.00,1.68,0.04,24.45,22.68
2012-09-01,3.74,3.79,4.72,4.84,13.55,79229.00,15745593.02,80.58,0.17,21374462.89,1360.19,5.74,5.16,4.80,42900.45,4.72,3.29,1.96,-0.01,1.12,-0.11,0.14,1.78,-0.17,23.55,22.39
2012-10-01,4.01,4.18,4.55,4.51,13.37,77106.12,15962509.91,80.70,0.51,21365364.10,1746.26,5.55,5.08,4.72,42028.90,4.67,3.63,1.92,0.07,0.96,-0.14,0.04,1.69,-0.19,21.60,21.79
2012-11-01,3.84,4.32,4.51,3.91,13.31,79956.13,16017235.38,77.26,0.62,21490247.97,1578.84,5.02,4.70,4.80,42608.17,4.78,3.61,1.89,0.11,0.59,0.06,0.26,1.25,0.16,21.96,21.49
2012-12-01,3.92,4.93,4.23,4.10,13.44,75157.64,15968359.66,75.52,0.63,21567875.14,1624.43,4.83,5.18,4.84,43937.26,4.61,2.90,1.88,0.21,0.64,-0.15,0.59,1.52,0.39,19.33,20.62
2013-01-01,4.18,4.84,4.12,3.67,13.86,78821.60,15971325.45,77.71,0.69,21840655.81,1636.22,4.83,4.70,5.06,45514.24,4.46,3.27,1.84,0.02,0.27,-0.17,0.67,1.84,0.35,18.78,21.05
2013-02-01,4.28,4.49,3.96,3.59,14.00,76973.24,15810738.62,79.32,0.65,22038384.75,1633.89,4.64,4.47,4.87,45447.67,4.32,3.58,1.76,0.27,0.14,-0.12,0.87,1.86,0.30,19.23,20.63
2013-03-01,4.64,3.93,3.55,3.14,14.34,77596.80,15842124.36,80.42,0.23,21853903.09,1510.58,4.68,4.39,4.87,45168.23,4.52,3.42,1.45,0.20,0.21,-0.03,1.05,1.89,0.15,18.22,19.47
2013-04-01,4.36,4.44,3.42,2.33,13.97,74870.57,16012806.15,80.27,-0.11,21887569.79,1444.71,4.92,4.66,4.88,44361.02,4.35,3.44,1.59,0.29,0.05,-0.11,0.98,2.07,0.09,18.08,19.82
2013-05-01,4.80,4.38,3.27,2.20,14.27,71315.10,15548079.74,75.95,-0.14,21414267.35,1480.17,5.05,4.57,4.79,43961.92,4.68,3.17,1.66,0.33,-0.01,0.14,0.73,2.14,0.28,16.78,19.60
2013-06-01,5.06,4.07,3.33,2.77,13.65,71689.11,15883833.97,75.70,0.02,21321822.59,1204.50,5.08,4.72,4.93,44086.73,4.64,3.32,1.66,0.52,0.08,0.01,0.73,2.00,0.39,15.08,19.67
2013-07-01,5.40,4.02,3.09,3.27,13.15,76800.63,15865537.61,77.44,0.28,21915150.64,1345.94,5.37,5.09,4.89,42025.45,4.53,3.24,1.62,0.46,-0.03,-0.31,0.69,2.47,0.05,14.53,20.27
2013-08-01,5.56,3.34,3.36,2.32,13.03,80757.53,15777269.92,77.65,0.44,21827307.75,1512.50,5.44,4.58,4.89,40525.81,4.57,3.60,2.00,0.40,-0.35,-0.02,0.19,2.55,-0.05,17.91,20.68
2013-09-01,5.28,4.00,3.51,2.51,11.83,79686.85,15724503.02,75.22,0.36,21477284.24,1704.27,5.51,4.72,4.67,40741.15,4.70,3.39,1.86,0.52,-0.39,0.38,-0.04,2.27,-0.01,16.60,20.09
2013-10-01,5.30,4.24,3.51,2.64,11.90,80566.10,15632885.91,72.00,0.42,21491813.62,1567.06,5.62,4.70,4.64,39651.69,4.83,3.45,2.05,0.18,-0.27,0.32,-0.38,2.29,-0.03,15.01,20.43
2013-11-01,5.36,4.58,3.57,2.52,10.92,81467.12,15188427.45,73.96,0.76,21498791.69,1688.21,5.61,4.53,4.57,40757.52,4.82,3.96,2.42,0.27,-0.49,0.12,-0.41,2.15,0.34,15.04,21.28
2013-12-01,5.44,4.34,3.40,3.00,11.39,84935.73,15303983.56,73.03,0.98,21349405.40,1649.36,5.67,4.28,4.88,41222.01,4.77,3.94,2.47,0.60,-0.36,0.28,-0.30,2.06,0.25,13.74,20.56
2014-01-01,4.95,4.22,4.09,2.80,11.67,88108.89,15712787.18,73.01,1.12,21883416.16,1685.63,5.59,4.27,4.85,41015.94,4.42,4.07,2.62,0.67,-0.37,-0.09,0.13,1.95,-0.16,13.39,21.02
2014-02-01,4.35,4.20,3.84,2.69,11.56,91152.00,15585162.57,70.46,1.00,21792216.08,1858.47,5.86,4.08,4.69,41637.95,4.35,3.38,2.58,0.45,-0.10,0.24,0.29,2.13,-0.41,13.91,21.30
2014-03-01,3.98,3.90,4.10,2.82,12.11,88288.26,15700168.36,69.66,0.81,21422096.97,2058.15,5.75,4.03,4.81,43740.03,4.26,3.65,2.68,0.40,0.17,0.47,0.27,1.95,-0.38,12.15,20.22
2014-04-01,4.09,4.18,3.67,3.19,12.47,88664.07,16194760.44,72.42,0.60,21786629.02,1830.85,5.69,4.08,4.90,44547.46,4.28,3.57,2.55,0.69,0.43,0.04,0.30,1.67,-0.54,10.82,20.90
2014-05-01,4.00,3.98,3.73,3.60,13.68,90094.89,15977551.41,69.36,0.76,22067398.10,1812.59,5.60,4.19,5.24,43277.95,4.26,3.97,2.59,0.94,0.58,-0.25,0.26,2.00,-0.40,9.80,21.64
2014-06-01,3.85,4.17,3.78,3.42,13.97,91244.73,16086983.30,69.92,1.01,22011532.37,1941.26,5.72,4.12,5.19,45347.37,4.29,3.48,2.58,1.15,0.38,-0.12,0.38,1.83,-0.51,10.85,21.46
2014-07-01,3.71,4.41,3.75,3.78,15.05,93120.79,16745864.47,68.68,1.00,22282279.69,1969.83,5.52,3.82,5.09,45531.43,4.39,3.08,2.52,1.24,0.35,-0.11,0.32,2.05,-1.19,12.16,21.49
2014-08-01,3.52,4.08,3.73,3.47,14.56,93801.18,16697175.82,71.82,0.64,22514456.34,1987.60,5.34,3.83,4.92,44097.21,4.62,3.16,2.52,0.89,0.58,-0.48,0.24,1.89,-1.40,14.12,22.32
2014-09-01,3.72,3.74,3.18,3.36,14.30,96010.21,16770682.28,75.47,0.35,22415776.31,2010.51,5.30,3.77,4.80,43182.62,4.76,3.06,2.36,0.91,0.55,-0.32,0.02,2.13,-1.02,14.99,22.23
2014-10-01,4.17,3.65,3.15,2.98,14.63,93239.98,16494056.10,80.31,0.42,22665096.03,1932.38,5.10,3.78,4.94,42738.61,4.80,3.40,2.65,0.77,0.50,-0.32,0.02,2.19,-0.60,15.71,21.91
2014-11-01,4.33,3.82,3.35,2.92,14.34,92575.43,16424628.05,81.94,0.21,22654596.01,1835.80,5.27,4.11,4.95,42019.01,4.97,3.29,2.74,0.73,0.47,-0.47,0.11,2.16,-0.65,16.66,22.25
2014-12-01,4.30,3.98,3.49,3.65,14.17,94660.98,16301170.76,77.46,0.42,22516247.35,2086.17,5.35,4.58,4.91,42221.73,4.97,3.57,2.67,0.30,0.31,0.05,0.34,1.85,-0.84,14.38,21.99
2015-01-01,4.12,3.26,3.47,2.99,14.13,91693.79,16719746.31,84.15,0.47,22284814.86,2323.16,5.17,4.47,4.83,43939.09,4.94,3.27,2.79,0.11,0.41,0.06,0.67,1.54,-0.79,15.38,21.81
2015-02-01,4.44,3.38,3.68,2.62,14.72,89001.44,17276217.58,85.72,0.11,22266467.95,2422.51,5.38,4.47,4.85,41849.67,4.91,3.37,2.94,-0.19,0.54,0.03,0.68,1.95,-0.56,15.18,21.62
2015-03-01,4.24,3.12,3.52,3.04,14.73,88140.64,17244353.90,87.87,-0.13,22215466.75,2373.16,5.64,5.10,5.03,41974.53,4.73,3.60,2.70,-0.33,0.91,0.13,0.82,1.77,-0.19,13.54,20.29
2015-04-01,4.27,3.25,3.63,3.25,15.48,87113.96,17351297.18,92.77,0.10,21970092.55,2264.33,5.66,5.06,4.96,42529.74,4.54,3.74,2.56,-0.30,0.63,0.69,0.83,2.09,0.00,13.26,19.98
2015-05-01,4.05,3.35,3.64,3.21,15.94,88110.26,17110043.97,89.83,0.21,22083132.78,2205.12,5.85,5.26,5.17,43838.74,4.47,3.34,2.41,-0.21,0.57,0.70,0.90,1.85,-0.04,14.14,19.56
2015-06-01,4.13,3.13,3.71,3.74,17.49,89593.47,17960489.67,92.45,-0.02,22075685.23,2226.82,5.90,5.13,5.26,44400.75,4.58,3.24,2.19,-0.17,0.44,0.82,0.97,1.53,-0.33,14.39,19.04
2015-07-01,4.03,3.41,3.25,3.64,17.27,88735.26,18076322.97,91.83,0.10,22358894.65,2177.42,5.78,4.90,5.37,45378.78,4.60,3.16,2.12,0.14,0.36,0.84,1.10,1.67,-0.04,16.06,19.04
2015-08-01,3.59,3.30,3.15,3.69,17.20,88401.95,18202123.27,96.40,0.02,22346464.62,1970.97,5.79,4.48,5.50,45318.56,4.52,2.86,2.07,0.47,0.46,0.59,0.99,2.05,0.30,18.49,18.92
2015-09-01,3.57,3.50,3.12,4.25,17.92,87471.22,17957072.21,95.05,-0.11,22648060.14,1896.46,6.03,4.73,5.50,44623.53,4.63,2.45,1.88,0.28,0.31,0.58,0.84,2.26,-0.13,20.02,17.35
2015-10-01,3.24,3.00,2.62,4.57,17.47,88516.13,17943677.67,94.04,0.43,22791536.05,1862.95,5.82,4.79,5.66,46098.04,4.55,2.78,1.44,0.62,0.00,0.75,1.01,1.94,-0.44,19.72,17.11
2015-11-01,3.04,3.07,2.98,4.77,17.87,87770.53,17736855.68,92.22,0.52,23061506.58,1879.40,5.73,4.82,5.55,44541.63,4.40,2.29,1.56,0.66,-0.12,0.78,0.94,2.16,-0.39,19.71,16.93
2015-12-01,3.06,3.63,3.14,4.68,17.82,84209.85,17906732.00,85.78,0.37,23143559.78,1958.14,5.67,4.68,5.61,43605.38,4.38,2.00,1.67,0.61,0.24,0.76,1.01,2.05,-0.26,19.93,16.34
2016-01-01,3.39,3.91,3.18,5.08,18.54,83272.53,18057350.18,87.03,0.82,23147090.51,2130.68,5.68,4.73,5.68,42476.32,4.29,2.46,1.79,0.44,0.50,0.34,1.08,2.26,-0.28,18.97,16.03
2016-02-01,3.36,4.05,3.22,4.90,17.04,85791.29,18131473.68,85.46,0.72,23198525.65,2124.08,5.74,4.66,5.79,42064.36,4.21,2.75,1.78,0.53,0.68,0.14,1.19,2.25,-0.21,18.70,16.07
2016-03-01,3.41,3.93,3.43,5.42,18.39,85962.21,18344396.08,85.43,0.54,23076012.02,2146.08,5.89,4.63,5.69,41184.42,3.91,2.76,1.56,0.33,0.75,0.50,0.92,2.28,-0.26,16.70,15.34
2016-04-01,3.58,3.97,3.58,5.37,19.48,83134.23,18394310.36,83.03,0.52,22788659.06,2066.39,6.01,4.90,5.53,40920.03,4.02,2.84,1.57,0.10,0.82,0.29,1.01,2.12,-0.36,16.99,14.02
2016-05-01,3.90,3.78,4.05,5.24,18.50,83433.03,18475468.68,82.49,0.41,22775712.92,1930.02,6.17,4.69,5.44,42306.15,3.89,3.35,1.55,0.15,1.00,0.51,0.93,1.98,-0.40,15.71,14.49
2016-06-01,4.42,4.15,4.52,5.23,19.10,83597.40,18339312.38,85.73,-0.10,23133475.48,1892.21,6.23,4.67,5.46,43189.34,3.78,3.03,1.63,0.03,1.30,0.59,0.96,1.96,-0.37,15.61,14.25
2016-07-01,4.92,4.29,4.62,4.86,18.50,82925.62,18623536.46,85.95,-0.11,23021676.66,2051.39,6.49,4.72,5.78,43883.84,3.75,3.60,1.48,0.05,1.20,0.48,0.80,1.69,-0.25,16.26,14.78
2016-08-01,5.41,4.19,4.84,4.94,18.62,85526.60,18188309.80,86.17,0.07,23087235.50,2299.76,6.61,4.90,5.75,45884.50,3.84,3.80,1.30,0.20,0.85,0.03,0.77,1.36,-0.24,17.11,14.07
2016-09-01,5.25,4.75,5.03,5.40,17.84,88539.10,17914076.83,87.80,0.02,23181144.43,2103.57,6.62,4.85,5.83,46776.11,3.83,3.77,1.40,0.25,0.76,0.35,0.67,1.40,0.16,18.81,14.17
2016-10-01,5.18,5.43,5.52,5.49,17.54,86646.48,17725327.32,88.04,0.27,23226179.63,2042.95,6.59,5.23,5.81,47245.40,3.73,3.71,1.28,0.27,0.73,0.69,0.40,1.41,0.49,20.08,13.65
2016-11-01,5.45,5.54,5.70,5.22,17.44,84848.36,17811656.71,90.32,0.40,23508810.63,2086.40,6.77,5.62,5.93,48339.89,3.72,4.33,1.44,0.41,0.64,0.74,0.45,1.27,0.47,19.36,13.86
2016-12-01,5.70,5.47,6.22,5.05,16.99,85467.60,17657623.77,96.08,0.66,23722898.95,2176.75,6.91,5.70,6.06,48830.03,3.57,4.79,1.47,0.72,0.66,1.00,0.46,1.27,0.60,17.74,14.19
2017-01-01,5.53,6.72,6.05,4.89,18.24,89677.63,17728318.13,96.91,0.59,23887746.64,2223.27,7.04,5.96,6.29,47473.94,3.49,4.88,1.49,1.02,0.64,0.74,0.76,1.29,1.04,17.37,14.30
2017-02-01,5.51,6.85,6.41,5.04,18.35,93883.95,17702967.99,96.20,0.47,23631731.96,2264.99,7.30,6.47,6.35,48010.06,3.64,5.37,1.81,1.20,0.75,0.85,0.77,1.28,1.11,17.50,14.37
2017-03-01,5.50,7.02,6.60,5.45,19.86,98483.54,17766061.95,97.76,0.70,23726164.63,2159.78,7.18,6.59,6.58,48898.43,3.62,5.43,1.91,1.36,1.02,1.01,1.13,1.60,0.91,17.27,13.60
2017-04-01,5.85,6.97,7.05,5.68,20.02,97845.84,18245624.71,99.91,0.88,23980723.19,2106.52,7.40,6.97,6.62,47299.61,3.32,5.60,1.97,1.61,1.19,1.12,1.38,1.76,1.14,15.22,13.67
2017-05-01,6.15,6.73,7.25,5.10,20.18,94454.14,18164358.29,100.37,0.66,24153547.28,2143.35,7.49,7.31,6.65,47457.42,3.38,6.31,1.93,1.70,1.13,1.23,1.58,1.83,0.68,12.52,13.32
2017-06-01,6.31,6.54,7.23,5.45,21.19,91599.23,18398275.89,100.78,0.65,24305025.54,2355.68,7.66,7.28,6.66,47147.50,3.48,6.52,2.27,1.78,1.12,1.10,1.69,2.09,0.44,9.62,14.18
2017-07-01,6.43,6.55,7.16,6.10,20.90,94049.29,18775182.56,99.60,0.68,23897580.95,2336.29,7.48,6.58,6.66,46680.25,3.50,6.32,2.40,2.06,1.24,0.83,2.00,2.08,0.21,8.17,13.72
2017-08-01,6.54,6.72,7.01,6.45,19.98,95190.79,18468620.49,96.54,0.65,24334812.93,2625.02,7.28,6.48,6.77,47703.97,3.57,6.34,2.37,1.57,1.05,0.91,2.07,2.23,0.69,7.27,14.42
2017-09-01,6.92,6.18,7.27,7.26,19.34,96853.35,18916538.33,97.46,1.12,24217021.34,2772.99,7.25,6.69,6.78,48304.92,3.55,6.34,2.62,1.42,1.24,1.29,1.95,2.34,0.86,8.63,14.90
2017-10-01,6.90,6.06,7.34,7.47,18.28,95139.30,19349791.97,97.13,1.56,24149586.40,2813.65,7.22,6.58,7.17,46684.70,3.55,6.49,2.52,1.49,1.23,1.05,1.85,2.53,1.03,9.85,14.54
2017-11-01,7.30,5.89,7.90,6.91,17.58,92063.99,19387690.31,97.18,1.61,24222884.75,2722.85,7.25,6.55,6.97,46079.01,3.62,6.73,2.67,1.58,1.19,1.18,1.95,2.51,0.96,11.16,14.79
2017-12-01,7.04,5.88,7.56,7.59,17.09,95032.98,19080179.74,95.63,1.64,24160945.11,2548.48,7.23,6.70,7.03,47915.72,3.51,7.08,2.75,1.72,1.42,1.12,1.79,2.66,1.05,13.04,14.78
2018-01-01,6.98,5.73,7.53,7.87,16.83,95640.18,19800259.50,100.27,1.84,24224048.19,2744.62,7.18,6.61,7.10,48025.80,3.44,6.85,2.81,1.75,1.58,1.47,1.85,2.37,1.29,13.41,14.72
2018-02-01,7.06,6.03,7.72,7.71,16.70,102902.58,19510188.88,101.15,2.15,24072413.22,2673.53,6.89,6.44,7.02,47864.88,3.42,7.27,2.73,1.72,1.76,1.50,1.86,2.37,1.64,13.94,13.60
2018-03-01,7.30,5.53,7.79,7.78,16.87,100846.12,19401374.58,103.53,2.48,24108867.71,2844.22,7.03,6.83,7.20,48172.44,3.46,7.19,2.67,1.45,1.81,1.83,1.93,2.48,1.76,15.33,13.91
2018-04-01,7.70,5.83,8.08,7.77,17.87,100945.34,20423407.51,103.25,2.73,23907756.67,2870.65,7.22,7.13,7.27,48284.63,3.33,7.50,2.95,1.93,2.08,1.87,1.97,2.17,1.51,16.56,13.84
2018-05-01,7.97,6.05,7.95,7.65,18.49,103646.09,20303376.16,101.89,2.47,23986439.35,2676.40,7.27,7.02,7.40,48124.74,3.30,7.92,2.75,2.25,1.88,1.65,2.08,2.25,1.43,16.39,13.15
2018-06-01,8.15,5.67,7.86,8.46,19.19,104463.71,19940969.80,103.61,2.18,24236949.20,2597.06,7.07,7.35,7.21,49372.76,2.98,7.73,2.88,2.38,2.13,1.75,2.43,2.14,1.32,14.66,13.23
2018-07-01,8.02,5.69,7.60,8.69,19.27,105373.37,19923970.92,105.87,2.26,24363683.29,2722.71,7.21,7.36,7.19,48662.46,3.11,7.74,2.85,2.32,2.10,1.35,2.48,2.05,1.75,14.27,12.92
2018-08-01,8.33,5.53,7.67,8.57,21.02,104793.10,20084553.38,108.64,2.27,24250707.28,2951.49,7.12,7.19,7.30,47652.45,3.23,7.37,2.89,2.08,2.08,1.79,2.59,2.10,1.41,14.42,13.37
2018-09-01,8.62,5.23,8.07,8.70,21.63,106281.99,20013048.73,105.11,2.30,24517102.08,2809.29,7.53,7.13,7.15,47203.68,3.29,7.42,3.02,2.06,1.99,1.55,2.44,2.08,1.62,15.23,13.59
2018-10-01,8.63,4.68,8.15,8.87,21.91,104835.13,19945125.49,103.37,2.18,24598552.39,2836.56,7.85,7.44,7.22,47130.18,3.20,7.43,2.90,2.12,2.12,1.58,2.97,2.05,1.77,15.37,14.42
2018-11-01,8.23,4.96,8.06,8.95,21.75,103381.82,19780389.02,99.28,2.53,25069487.25,2897.92,8.15,7.44,7.23,46627.77,3.38,7.97,2.99,2.38,2.33,1.59,3.17,2.05,1.84,18.51,15.01
2018-12-01,7.83,5.05,7.84,8.97,21.75,105555.06,19089751.54,99.90,2.29,25123486.34,2573.29,8.33,7.37,7.04,44389.92,3.45,7.89,2.56,2.63,2.42,1.63,3.36,2.30,1.69,19.34,15.36
2019-01-01,7.69,4.93,7.69,9.02,21.00,98031.90,19060162.70,103.87,2.30,25195672.03,2685.38,8.33,7.43,6.85,43937.75,3.45,7.93,2.58,2.40,2.55,1.92,3.29,2.23,1.76,21.28,16.29
2019-02-01,7.80,5.59,8.05,8.76,21.44,96546.84,19343661.23,101.77,2.62,25124912.45,2769.00,8.48,7.21,6.58,41541.72,3.62,8.40,2.32,2.28,2.46,2.14,3.15,2.06,2.01,22.54,16.66
2019-03-01,8.16,5.77,7.87,8.87,21.37,94901.75,18897671.65,101.80,2.65,25247108.19,2784.23,8.56,7.67,6.66,40667.80,3.55,8.39,2.19,2.33,2.82,2.41,2.96,2.08,1.88,22.58,17.54
2019-04-01,7.94,5.55,8.24,8.43,19.39,95596.27,19171715.33,99.18,2.92,25617554.19,2766.40,8.67,7.99,6.85,41795.63,3.47,8.55,2.11,2.47,2.53,2.25,3.05,2.08,2.30,21.41,17.71
2019-05-01,7.76,5.69,7.81,8.17,19.31,91624.74,19121940.12,101.27,3.02,25311901.00,2892.52,8.43,7.95,6.75,41300.39,3.48,8.34,2.04,2.54,2.84,2.02,3.21,2.25,2.55,21.73,18.15
2019-06-01,7.90,5.91,7.55,7.60,19.92,88654.15,19182406.26,99.95,2.79,25199559.07,2819.70,8.35,7.62,6.62,41620.17,3.39,8.20,2.13,2.37,2.55,2.11,2.68,2.25,2.32,21.82,18.21
2019-07-01,8.17,5.83,8.01,7.77,20.16,95843.53,19764218.38,103.42,2.59,24838793.63,2677.10,7.82,7.79,6.53,42462.84,3.39,7.78,2.05,2.36,2.35,2.09,2.33,2.35,2.13,19.65,17.94
2019-08-01,8.47,5.55,8.14,7.38,20.06,88952.67,20291240.25,98.95,2.55,24920650.50,2983.89,7.29,7.77,6.64,41664.26,3.36,7.68,2.20,2.09,2.23,1.87,2.30,2.34,2.41,20.56,17.81
2019-09-01,8.43,5.24,8.42,7.18,19.93,90965.18,20138669.65,97.04,2.40,24981195.67,3027.98,7.25,7.46,6.67,42193.50,3.43,7.73,2.27,2.13,2.11,1.96,2.48,2.37,2.71,18.85,17.37
2019-10-01,8.29,4.83,7.70,6.80,19.12,89011.89,20313000.18,95.16,2.06,24755933.33,3192.86,7.17,7.18,6.69,43809.84,3.50,7.46,2.33,2.12,1.94,1.62,2.59,2.48,2.64,18.67,17.63
2019-11-01,7.88,4.77,7.81,6.94,19.51,89527.04,21162163.84,96.44,1.84,24637248.73,3249.38,6.95,6.91,6.56,45792.88,3.29,7.58,2.50,2.15,1.41,1.30,2.66,2.27,2.35,18.14,17.59
2019-12-01,7.96,5.06,7.44,7.31,20.43,87230.12,21134109.81,98.46,1.37,24555841.05,3287.12,7.01,6.40,6.35,43557.11,3.37,7.54,2.56,2.04,1.66,1.55,2.40,2.05,2.10,18.93,16.85
2020-01-01,7.86,5.04,7.58,7.72,20.84,87945.64,21201758.39,98.98,1.16,23987091.53,3243.90,7.04,6.45,6.58,44690.90,3.36,7.44,2.50,1.83,1.25,1.39,1.91,1.94,1.41,20.61,16.80
2020-02-01,7.59,5.13,7.33,7.96,21.12,86823.47,21399330.81,104.11,1.39,23598647.36,3281.93,7.00,6.45,6.51,43483.32,3.46,7.41,2.32,2.13,1.35,1.40,1.95,1.87,1.49,22.41,16.64
2020-03-01,7.77,5.11,7.01,7.23,21.76,85216.37,20473687.89,102.47,0.81,23330312.82,3411.12,7.11,6.28,6.41,42725.13,3.45,7.43,2.21,1.71,1.23,1.33,1.93,1.61,1.42,22.84,16.64
2020-04-01,7.69,5.03,6.69,7.45,21.89,86357.55,20159584.08,111.40,0.88,22911415.48,3398.23,7.37,5.99,6.35,43791.13,3.47,7.58,2.19,1.82,1.05,1.47,1.73,1.43,1.06,23.37,16.42
2020-05-01,7.41,5.15,6.06,7.33,22.61,86230.98,20252273.70,113.70,0.81,22154474.98,3299.20,7.15,5.85,6.11,43038.02,3.35,7.55,2.10,1.97,1.06,1.08,1.47,1.37,0.40,25.45,16.43
2020-06-01,7.13,5.11,6.05,7.74,23.22,83811.91,20288690.33,116.50,1.20,22007002.05,3183.54,7.20,5.99,6.25,42124.51,3.30,7.36,2.08,1.69,0.81,1.20,1.06,1.08,0.21,26.55,16.25
2020-07-01,7.34,4.98,5.54,7.73,22.65,79910.28,20006695.59,116.62,1.09,21524055.98,3157.28,7.27,5.33,6.06,39322.59,3.47,7.43,2.03,1.66,0.89,1.59,0.95,0.98,0.21,28.29,16.03
2020-08-01,6.98,4.56,5.36,7.67,22.89,81702.49,19826651.36,113.42,0.85,20982913.54,3261.52,7.23,5.24,5.87,37694.30,3.39,7.31,1.93,1.71,0.52,1.12,0.97,1.04,0.13,30.01,17.12
2020-09-01,7.13,4.78,4.64,7.61,22.15,88866.33,19658878.64,111.32,0.45,20703419.89,3399.25,6.86,4.90,5.65,36686.78,3.50,7.86,1.90,1.84,0.74,1.48,1.34,1.14,0.21,27.79,16.81
2020-10-01,7.31,4.43,4.58,8.10,20.45,91843.11,19748865.70,107.70,0.35,20521799.53,3400.28,6.76,4.94,5.64,36968.45,3.57,7.71,1.96,1.82,0.50,1.39,1.33,0.95,-0.23,29.45,16.68
2020-11-01,6.87,4.50,4.11,8.24,19.49,91171.17,20113476.48,108.75,0.42,20603114.19,3380.15,6.66,4.76,5.30,36670.90,3.63,7.91,1.94,1.67,0.42,1.24,1.32,0.90,0.05,31.45,16.35
2020-12-01,6.67,4.54,4.04,7.86,19.31,95324.49,19983799.31,103.92,0.19,20224991.44,3319.34,6.58,4.87,5.06,36825.40,3.53,7.64,1.88,1.69,0.54,1.02,1.17,0.88,0.01,30.74,16.19
2021-01-01,6.59,4.20,4.27,8.08,19.61,95483.21,19976224.33,104.80,0.38,20700689.41,3364.92,6.74,4.77,5.18,38102.82,3.76,7.44,1.72,1.51,0.35,1.16,1.07,0.73,-0.06,28.66,16.10
2021-02-01,6.93,3.91,4.15,7.53,19.37,103547.35,19894281.63,105.15,0.21,20591180.32,3482.24,6.83,4.76,4.87,38844.69,4.05,7.97,1.60,1.63,0.48,1.07,1.15,0.91,0.29,26.41,15.98
2021-03-01,6.66,3.45,4.23,7.31,19.58,111764.99,19972022.69,104.16,0.30,21313019.74,3551.54,6.68,5.02,4.83,40543.79,3.99,7.73,1.55,1.68,0.22,0.67,1.02,0.90,0.41,24.51,15.68
2021-04-01,6.96,3.83,3.75,7.31,19.13,112727.52,20109337.03,105.63,0.26,21929138.62,3458.20,6.51,4.83,4.98,43597.33,4.29,8.46,1.46,1.74,0.41,0.67,0.98,0.77,0.32,22.97,14.62
2021-05-01,6.91,3.37,4.33,7.51,19.83,109857.10,20238523.32,104.33,0.79,22350542.75,3460.65,6.80,5.11,4.97,43964.55,4.21,8.15,1.41,1.84,0.51,0.56,0.93,0.46,0.59,22.57,14.68
2021-06-01,7.00,3.83,4.16,7.25,21.13,110667.09,19977201.76,106.49,0.58,22763309.29,3807.32,6.89,5.17,5.11,44984.42,4.11,8.58,1.41,1.93,0.91,0.39,1.04,0.47,1.13,20.06,15.08
2021-07-01,7.02,3.57,4.09,7.34,21.95,111410.10,20053982.99,104.54,0.29,23081041.54,3876.20,7.13,5.11,5.53,44710.89,4.10,8.62,1.47,2.07,0.92,0.51,1.25,0.52,0.97,17.34,14.88
2021-08-01,7.03,3.83,3.98,8.18,21.37,112268.08,20144772.96,106.95,0.13,23998120.59,3994.86,7.17,5.18,5.91,45656.59,4.35,9.01,1.43,1.98,0.92,0.57,1.36,0.84,1.05,16.03,15.18
2021-09-01,7.43,4.17,3.53,8.18,20.83,119868.42,20224127.34,102.79,0.05,23669643.80,4186.08,7.05,5.65,6.31,44805.84,4.23,8.85,1.64,1.92,0.73,0.35,1.02,0.76,1.05,14.55,15.18
2021-10-01,7.26,4.63,3.59,9.09,21.36,119174.59,20393443.45,107.52,-0.25,23537501.69,4239.42,6.82,5.83,6.68,44704.40,4.16,8.54,1.78,1.82,0.86,0.72,1.28,0.78,0.59,14.21,15.09
2021-11-01,7.48,5.06,3.40,9.43,21.32,117712.61,20143310.60,109.18,-0.46,22967295.79,4360.88,6.80,5.93,7.15,47079.08,4.12,9.03,1.60,1.40,1.10,0.77,1.37,1.11,0.47,14.72,15.39
2021-12-01,7.30,5.23,3.85,8.85,21.66,118504.80,20071391.76,111.09,-0.22,22799490.53,4487.53,7.05,6.33,7.22,46933.17,3.90,8.62,1.56,1.22,0.94,0.94,1.36,1.49,0.54,13.71,15.62
2022-01-01,7.17,5.70,3.77,8.77,21.17,122270.62,19848423.46,117.43,-0.47,23084694.44,4598.76,7.19,6.39,7.38,48004.82,3.86,8.74,1.69,1.24,0.90,1.09,1.44,1.78,0.38,14.17,15.97
2022-02-01,7.30,5.78,3.64,8.91,20.37,122844.42,19738749.15,116.10,-0.46,23456963.03,4435.05,7.50,6.82,7.68,48203.42,3.91,8.33,1.67,1.17,0.60,1.46,1.35,1.89,0.21,13.58,15.59
2022-03-01,7.23,6.46,3.77,9.22,19.16,123968.50,19817224.08,121.36,-0.30,23173319.36,4474.88,7.60,7.12,7.92,49982.56,3.71,8.24,1.49,1.51,0.67,1.63,1.36,1.99,0.40,17.31,16.04
2022-04-01,7.67,6.34,3.92,8.99,19.62,128338.67,19897418.03,122.65,-0.12,22530892.89,4525.81,7.83,7.15,7.94,49938.48,3.60,8.46,1.55,1.28,0.83,2.26,1.37,1.73,0.25,18.74,16.23
